{
  "brands": [
    {
      "id": "1",
      "brandName": "Apple"
    },
    {
      "id": "2",
      "brandName": "Sony"
    },
    {
      "id": "3",
      "brandName": "Samsung"
    },
    {
      "id": "4",
      "brandName": "Carrier"
    },
    {
      "id": "5",
      "brandName": "Dell"
    }
  ],
  "categories": [
    {
      "id": "1",
      "categoryName": "Mobile"
    },
    {
      "id": "2",
      "categoryName": "Electronics"
    },
    {
      "id": "3",
      "categoryName": "Appliances"
    }
  ],
  "products": [
    {
      "id": "1",
      "productName": "Apple iPhone",
      "price": 8900,
      "brandId": 1,
      "categoryId": 1,
      "rating": 5
    },
    {
      "id": "2",
      "productName": "Apple iPad Pro",
      "price": 12400,
      "brandId": 1,
      "categoryId": 2,
      "rating": 5
    },
    {
      "id": "3",
      "productName": "Sony Camera",
      "price": 4500,
      "brandId": 2,
      "categoryId": 2,
      "rating": 4
    },
    {
      "id": "4",
      "productName": "Sony 5.1 Home Theatre",
      "price": 4500,
      "brandId": 2,
      "categoryId": 2,
      "rating": 4
    },
    {
      "id": "5",
      "productName": "Carrier 2 Ton Air Conditioner",
      "price": 7780,
      "brandId": 4,
      "categoryId": 3,
      "rating": 3
    },
    {
      "id": "6",
      "productName": "Dell Monitor",
      "price": 880,
      "brandId": 5,
      "categoryId": 2,
      "rating": 4
    },
    {
      "id": "7",
      "productName": "Sony Mobile Phone",
      "price": 4848,
      "brandId": 2,
      "categoryId": 1,
      "rating": 2
    },
    {
      "id": "8",
      "productName": "Samsung Mobile Phone",
      "price": 2540,
      "brandId": 3,
      "categoryId": 1,
      "rating": 2
    }
  ],
  "users": [
    {
      "id": "1",
      "email": "scott@test.com",
      "password": "Scott123",
      "fullName": "Scott",
      "dateOfBirth": "2000-12-15",
      "gender": "male",
      "country": "UK",
      "receiveNewsLetters": true
    },
    {
      "id": "6add",
      "email": "prasun@gmail.com",
      "password": "fgs",
      "fullName": "Shubhendu Pathak",
      "gender": "male",
      "dateOfBirth": "2024-08-03",
      "country": "Nepal",
      "receiveNewsLetters": "true"
    }
  ],
  "orders": [
    {
      "id": "1",
      "userId": 1,
      "productId": 1,
      "quantity": 1,
      "isPaymentCompleted": true
    },
    {
      "id": "4",
      "userId": "6add",
      "productId": 3,
      "quantity": 12,
      "isPaymentCompleted": true
    },
    {
      "id": "5",
      "userId": "6add",
      "productId": 4,
      "quantity": 12,
      "isPaymentCompleted": false
    },
    {
      "id": "6",
      "userId": "6add",
      "productId": 5,
      "quantity": 1,
      "isPaymentCompleted": false
    },
    {
      "id": "9e78",
      "userId": "1",
      "productId": "4",
      "quantity": 1,
      "isPaymentCompleted": true
    }
  ]
}